ad sale boost time warner profit,business
dollar gain on greenspan speech,business
yukos unit buyer face loan claim,business
high fuel price hit ba profit,business
pernod takeover talk lift domecq,business
japan narrowly escape recession,business
job growth still slow in the u,business
india call for fair trade rule,business
ethiopia crop production up,business
court reject tobacco case,business
ask jeeves tip online ad revival,business
indonesian face fuel price rise,business
peugeot deal boost mitsubishi,business
telegraph newspaper axe job,business
air passenger win new eu right,business
china keep tight rein on credit,business
parmalat boast doubled profit,business
india rupee hit five year high,business
india widens access to telecom,business
call centre user lose patience,business
rank et to sell off film unit,business
sluggish economy hit german job,business
mixed signal from french economy,business
u trade gap hit record in,business
yukos loses u bankruptcy battle,business
safety alert a gm recall car,business
steel firm to cut job,business
strong demand trigger oil rally,business
uk firm face venezuelan land row,business
soaring oil hit world economy,business
irish market reach all time high,business
japanese banking battle at an end,business
rich grab half colombia poor fund,business
rover deal may cost job,business
ad firm wpp profit surge,business
u give foreign firm extra time,business
japanese mogul arrested for fraud,business
deutsche telekom see mobile gain,business
chinese wine tempts italy illva,business
umbro profit lifted by euro,business
fed chief warning on u deficit,business
uk coal plunge into deeper loss,business
saudi ministry to employ woman,business
japan economy slide to recession,business
u crude price surge above,business
industrial output fall in japan,business
ryanair in boeing plane deal,business
parmalat to return to stockmarket,business
bmw cash to fuel mini production,business
bad weather hit nestle sale,business
fiat mull ferrari market listing,business
italy to get economic action plan,business
weak dollar hit reuters,business
hyundai to build new india plant,business
sa unveils more for all budget,business
bmw drive record sale in asia,business
economy tronger than forecast,business
electrolux to export europe job,business
worldcom ex bos launch defence,business
insurance boss plead guilty,business
further rise in uk jobless total,business
wembley firm wo make a profit,business
car pull down u retail figure,business
lufthansa may sue over bush visit,business
eu aiming to fuel development aid,business
german business confidence slide,business
fao warns on impact of subsidy,business
india seek to boost construction,business
boeing unveils new aircraft,business
circuit city get takeover offer,business
japan turn to beer alternative,business
s korean consumer spending again,business
german growth go into reverse,business
turkey iran mobile deal at risk,business
eu minister to mull jet fuel tax,business
palestinian economy in decline,business
china had role in yukos split up,business
deadline nears for fiat gm deal,business
id theft surge hit u consumer,business
argentina venezuela in oil deal,business
bmw to recall faulty diesel car,business
takeover rumour lift exel share,business
yukos accused of lying to court,business
mexican in u send home,business
home loan approval rising again,business
manufacturing recovery lowing,business
worldcom bos left book alone,business
metlife buy up citigroup insurer,business
europe blame u over weak dollar,business
french wine get euro top up,business
russia get investment blessing,business
iranian mp threaten mobile deal,business
argentina close debt swap,business
u economy show solid gdp growth,business
profit slide at india dr reddy,business
burren awarded egyptian contract,business
strong dollar call halt slide,business
imf cut german growth estimate,business
gm ford cut output a sale fall,business
ebbers denies worldcom fraud,business
australia rate at four year high,business
u company admits benin bribery,business
u insurer marsh cut job,business
u seek new smoker ruling,business
budget aston take on porsche,business
golden rule intact say ex aide,business
liberian economy start to grow,business
slowdown hit u factory growth,business
lufthansa fly back to profit,business
japanese growth grind to a halt,business
unilever shake up a profit slip,business
france telecom get orange boost,business
brussels rap mobile call charge,business
worldcom director admits lying,business
glaxo aim high after profit fall,business
japan bank share up on link talk,business
car giant hit by mercedes slump,business
ericsson see earnings improve,business
bank opts to leave rate on hold,business
nigeria to boost cocoa production,business
u interest rate increased to,business
u bank in sec settlement,business
train strike grip buenos aire,business
bargain call widen softbank loss,business
wmc profit up amid bid criticism,business
barclays profit hit record level,business
yukos owner sue russia for,business
qantas see profit fly to record,business
iraq to invite phone licence bid,business
aviation firm eye booming india,business
russian oil merger excludes yukos,business
brazil buy boost belgium inbev,business
salary scandal in cameroon,business
u add more job than expected,business
feta cheese battle reach court,business
ukraine revisits state sell offs,business
bank set to leave rate on hold,business
winter freeze keep oil above,business
german jobless rate at new record,business
ore cost hit global steel firm,business
bmw reveals new model pipeline,business
asian bank halt dollar slide,business
weak dollar trim cadbury profit,business
oil price fall back from high,business
winn dixie file for bankruptcy,business
why few target are better than many,business
malaysia lift islamic bank limit,business
alfa romeo to get gm engine,business
saab to build cadillacs in sweden,business
share hit by m drug suspension,business
bank voted for no rate change,business
crude oil price back above,business
house price show slight increase,business
golden rule boost for chancellor,business
macy owner buy rival for,business
industrial revival hope for japan,business
khodorkovsky ally denies charge,business
qatar and shell in gas deal,business
india unveils anti poverty budget,business
gm pay to evade fiat buyout,business
ex boeing director get jail term,business
verizon eals takeover of mci,business
u data spark inflation worry,business
yukos sue four firm for,business
consumer spending lift u growth,business
crossrail link to get go ahead,business
hariri killing hit beirut share,business
small firm hit by rising cost,business
buyer snap up jet airway share,business
house price suffer festive fall,business
deutsche boerse boost dividend,business
newest eu member underpin growth,business
brewer profit lose their fizz,business
yangtze electric profit double,business
french consumer spending rising,business
gsk aim to stop aid profiteer,business
optimism remains over uk housing,business
russia wto talk make progress,business
irish duo could block man utd bid,business
dollar drop on reserve concern,business
india and russia in energy talk,business
weak data buffet french economy,business
business fear over sluggish eu economy,business
m s cut price by average of,business
u bank loses customer detail,business
huge rush for jet airway share,business
bank payout to pinochet victim,business
qwest may spark mci bidding war,business
fiat chief take steering wheel,business
consumer drive french economy,business
u regulator to rule on pain drug,business
yukos bankruptcy not u matter,business
borussia dortmund near bust,business
post christmas lull in lending,business
uk risk breaking golden rule,business
worldcom director end evidence,business
ukraine steel sell off illegal,business
cairn share up on new oil find,business
georgia plan hidden asset pardon,business
cuba wind back economic clock,business
novartis hit acquisition trail,business
mci shareholder sue to stop bid,business
standoff on deutsche lse bid,business
bush to outline toughest budget,business
orange colour clash set for court,business
standard life cut policy bonus,business
emi share hit by profit warning,business
china shanda buy stake in sina,business
mixed reaction to man utd offer,business
gold fall on imf sale concern,business
electronics firm eye plasma deal,business
mg rover china tie up elayed,business
u bank bos hail genius smith,business
economy trong in election year,business
sec to rethink post enron rule,business
nissan name successor to ghosn,business
ukraine trim privatisation check,business
absa and barclays talk continue,business
rescue hope for borussia dortmund,business
standard life concern at lse bid,business
bp surge ahead on high oil price,business
oil company get russian setback,business
gaming firm to sell uk dog track,business
man utd to open book to glazer,business
sale fail to boost high street,business
mcdonald to sponsor mtv show,business
call to save manufacturing job,business
tsunami to hit sri lanka bank,business
share rise on new man utd offer,business
yukos drop bank from court bid,business
venezuela review foreign deal,business
lloyd of london head chides fsa,business
bat spit drug firm go to market,business
vodafone appoints new japan bos,business
pension hitch for long living men,business
card fraudsters targeting web,business
britannia member windfall,business
firm pump billion into pension,business
uk home hit trillion total,business
economy trong in election year,business
g back africa debt relief plan,business
q a malcolm glazer and man utd,business
making your office work for you,business
market unfazed by aurora setback,business
the ticking budget facing the u,business
ebbers aware of worldcom fraud,business
renault bos hail great year,business
survey confirms property slowdown,business
bush budget seek deep cutback,business
profit stall at china lenovo,business
mci share climb on takeover bid,business
bt offer equal access to rival,business
job growth still slow in the u,business
news corp eye video game market,business
call to overhaul uk state pension,business
singapore growth at in,business
turkey knock six zero off lira,business
s korea spending boost to economy,business
latin america see strong growth,business
asia share defy post quake gloom,business
booming market shed few tear,business
asian quake hit european share,business
split cap pay compensation,business
french suitor hold lse meeting,business
troubled marsh under sec scrutiny,business
could yukos be a blessing in disguise,business
nasdaq planning share sale,business
giving financial gift to child,business
air china in london listing,business
oil price reach three month low,business
arsenal may seek full share listing,business
market signal brazilian recovery,business
market fall on weak dollar fear,business
google share fall a staff sell,business
five million german out of work,business
india power share jump on debut,business
turkey turn on the economic charm,business
sbc plan post takeover job cut,business
german bidder in talk with lse,business
amex share up on spin off news,business
axa sun life cut bonus payment,business
chinese dam firm efies beijing,business
stock market eye japan recovery,business
iraqi voter turn to economic issue,business
eu too slow on economic reform,business
china continues breakneck growth,business
japan ageing workforce built to last,business
ge see excellent world economy,business
uk economy facing major risk,business
bank hold interest rate at,business
tobacco giant hail court ruling,business
steady job growth continues in u,business
glazer make new man utd approach,business
wall street cheer bush victory,business
business confidence dip in japan,business
million to lose textile job,business
dutch bank to lay off staff,business
fannie mae hould restate book,business
u to rule on yukos refuge call,business
j j agrees guidant deal,business
libya take in unfrozen fund,business
cactus diet deal for phytopharm,business
brazil play down varig rescue,business
bombardier chief to leave company,business
brazil approves bankruptcy reform,business
retail sale show festive fervour,business
cairn share slump on oil setback,business
french bos to leave eads,business
astrazeneca hit by drug failure,business
strong quarterly growth for nike,business
stormy year for property insurer,business
parmalat sue bank over crash,business
irish company hit by iraqi report,business
yukos unit fetch at auction,business
s n extends indian beer venture,business
euronext poised to make lse bid,business
christmas shopper flock to till,business
mystery surround new yukos owner,business
euronext join bid battle for lse,business
iraq and afghanistan in wto talk,business
diageo to buy u wine firm,business
tokyo say deflation controlled,business
no seasonal lift for house market,business
yukos seek court action on sale,business
indy buy into india paper,business
senior fannie mae boss resign,business
cannabis hope for drug firm,business
bush to get tough on deficit,business
house price drop a sale slow,business
fresh hope after argentine crisis,business
disney settle disclosure charge,business
putin back state grab for yukos,business
troubled marsh under sec scrutiny,business
u firm pull out of iraq,business
boeing secures giant japan order,business
banker loses sexism claim,business
building giant in asbestos payout,business
police detain chinese milk boss,business
india deccan seal deal,business
venezuela and china sign oil deal,business
jarvis sell tube stake to spain,business
honda win china copyright ruling,business
air jamaica back in state control,business
battered dollar hit another low,business
quake economic cost emerging,business
disaster claim le than,business
india pakistan peace boost trade,business
u to probe airline travel chaos,business
s korean lender face liquidation,business
dollar hit new low versus euro,business
mild winter drive u oil down,business
share boost for feud hit reliance,business
giant wave damage s asia economy,business
asia share defy post quake gloom,business
israeli economy picking up pace,business
s korea spending boost to economy,business
soros group warns of kazakh close,business
deutsche attack yukos case,business
gm in crunch talk on fiat future,business
record year for chilean copper,business
u consumer confidence up,business
cash give way to flexible friend,business
go ahead for balkan oil pipeline,business
durex maker ssl awaits firm bid,business
nasdaq planning share sale,business
wmc say xstrata bid is too low,business
takeover offer for sunderland fc,business
warning over u pension deficit,business
beer giant swallow russian firm,business
u manufacturing expands,business
singapore growth at in,business
madagascar completes currency switch,business
quiksilver move for rossignol,business
dollar hovers around record low,business
s korean credit card firm rescued,business
dollar slide ahead of new year,business
vw considers opening indian plant,business
ukraine strike turkmen gas deal,business
reliance unit loses anil ambani,business
india open sky to competition,business
oil rebound from weather effect,business
ban on forced retirement under,business
fed warns of more u rate rise,business
weak end of year sale hit next,business
tate lyle bos bag top award,business
krispy kreme share hit,business
germany nears jobless level,business
venezuela identifies idle farm,business
egypt to sell off state owned bank,business
wal mart to pay in gun suit,business
yukos heading back to u court,business
deutsche boerse set to woo lse,business
laura ashley chief stepping down,business
u airway staff agree to pay cut,business
delta cut fare in survival plan,business
profit jump at china top bank,business
green report shun supply chain,business
tsunami to cost sri lanka,business
indian oil firm eye yukos asset,business
monsanto fined for bribery,business
marsh executive in guilty plea,business
u interest rate rise expected,business
worldcom boss payout,business
continental may run out of cash,business
house price rebound say halifax,business
mixed christmas for u retailer,business
india deccan get more plane,business
south african car demand surge,business
uk bank seal south korean deal,business
daimlerchrysler sale rise,business
tsunami cost hit jakarta share,business
iran budget seek state sell offs,business
ec call truce in deficit battle,business
enron boss in payout,business
uk house price dip in november,business
steady job growth continues in u,business
barclays share up on merger talk,business
u firm bid for lacroix label,business
payoff for former shell bos,business
india and iran in gas export deal,business
lse ets date for takeover deal,business
news corp make fox offer,business
israel look to u for bank chief,business
eu u seeking deal on air dispute,business
nortel in profit revision,business
minister hit out at yukos sale,business
chinese export rise in,business
karachi stock hit historic high,business
u trade gap ballooned in october,business
u prepares for hybrid onslaught,business
mitsubishi in peugeot link talk,business
ba to suspend two saudi service,business
cairn energy in indian gas find,business
asia quake increase poverty risk,business
foster buy stake in winemaker,business
ecb hold rate amid growth fear,business
china ban new tobacco factory,business
uk interest rate held at,business
german economy rebound,business
u trade deficit widens sharply,business
trade gap narrow a export rise,business
lesotho textile worker lose job,business
kraft cut snack ad for child,business
khodorkovsky quits yukos share,business
executive trio leave aer lingus,business
u in eu tariff chaos trade row,business
news corp eye video game market,business
u ahold supplier face charge,business
wal mart fight back at accuser,business
u retail sale surge in december,business
winemaker reject foster offer,business
mcdonald bos bell dy aged,business
u industrial output growth eas,business
lse doubt boost bidder share,business
qantas considers offshore option,business
gazprom in back tax claim,business
germany call for eu reform,business
parmalat founder offer apology,business
golden economic period to end,business
job go at oracle after takeover,business
beijingers fume over parking fee,business
gm issue profit warning,business
u economy still growing say fed,business
wall street cool to ebay profit,business
worldcom trial start in new york,business
high fuel cost hit u airline,business
european loss hit gm profit,business
eu to probe alitalia tate aid,business
imf agrees fresh turkey funding,business
saudi investor pick up the savoy,business
tsunami slows sri lanka growth,business
china suspends power project,business
two nigerian bank set to merge,business
virgin blue share plummet,business
watchdog probe vivendi bond sale,business
saudi ncci share soar,business
jp morgan admits u slavery link,business
egypt and israel seal trade deal,business
ford gain from finance not car,business
wipro beat forecast once again,business
christmas sale worst since,business
business fail to plan for hiv,business
ailing eurodisney vow turnaround,business
uk young top euro earnings league,business
swiss cement firm in buying spree,business
india reliance family feud heat up,business
world leader gather to face uncertainty,business
u budget deficit to reach,business
criminal probe on citigroup deal,business
brazil jobless rate hit new low,business
indonesia eclines debt freeze,business
parmalat bank barred from suing,business
china continues rapid growth,business
sec to rethink post enron rule,business
bbc poll indicates economic gloom,business
europe asks asia for euro help,business
fbi agent colludes with analyst,business
million go missing at china bank,business
china aviation seek rescue deal,business
low cost airline hit eurotunnel,business
water firm suez in argentina row,business
algeria hit by further gas riot,business
india maruti see profit jump,business
aid and climate top davos agenda,business
china now top trader with japan,business
trial begin of spain top banker,business
uk economy end year with spurt,business
healthsouth ex bos go on trial,business
euro firm miss out on optimism,business
lacroix label bought by u firm,business
gallery unveils interactive tree,entertainment
jarre join fairytale celebration,entertainment
musical treatment for capra film,entertainment
richard and judy choose top book,entertainment
poppins musical get flying start,entertainment
bennett play take theatre prize,entertainment
levy tipped for whitbread prize,entertainment
west end to honour finest show,entertainment
da vinci code is lousy history,entertainment
uganda ban vagina monologue,entertainment
artist secret postcard on sale,entertainment
neeson in bid to revive theatre,entertainment
levy take whitbread novel prize,entertainment
adventure tale top award,entertainment
mutant book win guardian prize,entertainment
arthur hailey king of the bestseller,entertainment
spark head world booker list,entertainment
versace art portfolio up for sale,entertainment
slater to star in broadway play,entertainment
public show for reynolds portrait,entertainment
obituary dame alicia markova,entertainment
fear raised over ballet future,entertainment
famed music director viotti dy,entertainment
paraguay novel win u book prize,entertainment
new harry potter top book chart,entertainment
uk national gallery in the pink,entertainment
lit idol begin search for author,entertainment
potter director sign warner deal,entertainment
baghdad blogger on big screen,entertainment
u critic laud comedy sideways,entertainment
dirty den demise seen by,entertainment
redford vision of sundance,entertainment
dvd review harry potter and the prisoner of azkaban,entertainment
vera drake scoop film award,entertainment
hundred vie for best film oscar,entertainment
hank greeted at wintry premiere,entertainment
film row over pirate cannibal,entertainment
star gear up for bafta ceremony,entertainment
aviator creator in oscar snub,entertainment
wine comedy up for six film gong,entertainment
no ad for passion oscar campaign,entertainment
berlin honour s korean director,entertainment
star pay tribute to actor davis,entertainment
u actor ossie davis found dead,entertainment
jugnot top french actor league,entertainment
howl help boost japan cinema,entertainment
berlin applauds hotel rwanda,entertainment
landmark movie of hailed,entertainment
de niro film lead u box office,entertainment
willis sue over movie injury,entertainment
foxx and swank win u award,entertainment
spike lee back student director,entertainment
horror film head u box office,entertainment
mumbai bomb movie postponed,entertainment
dvd review i robot,entertainment
brando jected godfather role,entertainment
dutch watch van gogh last film,entertainment
berlin hail european cinema,entertainment
sky take over oscar night mantle,entertainment
snicket top u box office chart,entertainment
director nair vanity project,entertainment
spirit award hail sideways,entertainment
tautou film top cesar prize nod,entertainment
hollywood ready for oscar night,entertainment
animation charm japan box office,entertainment
u box office set for record high,entertainment
low budget film win cesar,entertainment
tautou to star in da vinci film,entertainment
foxx and swank take actor award,entertainment
child vote shrek best film,entertainment
uk debut for kevin spacey movie,entertainment
box office blow for alexander,entertainment
ray dvd beat box office taking,entertainment
ocean twelve raid box office,entertainment
indie film nomination announced,entertainment
fockers fuel festive film chart,entertainment
dvd review spider man,entertainment
baby becomes new oscar favourite,entertainment
russian film win bbc world prize,entertainment
u tv cut nudity from bbc film,entertainment
oscar race enters final furlong,entertainment
aviator creator in oscar snub,entertainment
cage film third week at u top,entertainment
oscar nominee gear up for lunch,entertainment
church anger over bollywood film,entertainment
bookmaker back aviator for oscar,entertainment
global release for japan hit film,entertainment
ocean twelve raid box office,entertainment
oscar nominee dan oherlihy dy,entertainment
berlin cheer for anti nazi film,entertainment
wine comedy win critic award,entertainment
actor foxx see globe nomination,entertainment
godzilla get hollywood fame star,entertainment
god cut from dark material film,entertainment
aviator win top globe accolade,entertainment
singer film to show at festival,entertainment
surprise win for anti bush film,entertainment
da vinci film to star tom hank,entertainment
controversial film top festival,entertainment
fockers retain film chart crown,entertainment
sundance to honour foreign film,entertainment
day lewis set for berlin honour,entertainment
downloads enter u single chart,entertainment
glasgow host tsunami benefit gig,entertainment
pop band busted to take a break,entertainment
street have album of the year,entertainment
manics in charge of bbc music,entertainment
medium seek jackson juror note,entertainment
band aid retains number one spot,entertainment
rap bos arrested over drug find,entertainment
elton play paris charity concert,entertainment
elvis set to top uk single chart,entertainment
wal mart is sued over rude lyric,entertainment
pete doherty miss bail deadline,entertainment
rapper snoop dogg sued for rape,entertainment
legendary music studio to close,entertainment
rapper jay z becomes label bos,entertainment
rem concert blighted by illness,entertainment
ring of fire hit co writer dy,entertainment
my memory of marley,entertainment
belle named best scottish band,entertainment
dance music not dead say fatboy,entertainment
label withdraws mcfadden video,entertainment
byrd producer melcher dy at,entertainment
snow patrol feted at irish award,entertainment
dove soar to uk album summit,entertainment
downloads enter u single chart,entertainment
top gig award for scissor sister,entertainment
brit return keane to number one,entertainment
charity single for quake relief,entertainment
franz man seek government help,entertainment
hard act to follow for outkast,entertainment
sir paul rock super bowl crowd,entertainment
rock group korn guitarist quits,entertainment
vibe award back despite violence,entertainment
christmas song formula unveiled,entertainment
glastonbury fan to get id card,entertainment
queen recruit singer for new tour,entertainment
u to play at grammy award show,entertainment
rock band u break ticket record,entertainment
police praise courageous ozzy,entertainment
new york rocker top talent poll,entertainment
blair buy copy of new band aid,entertainment
eminem beat elvis to number one,entertainment
sir paul rock super bowl crowd,entertainment
j lo and husband plan debut duet,entertainment
beastie boy win sampling battle,entertainment
pupil to get anti piracy lesson,entertainment
spector facing more legal action,entertainment
usher lead billboard nomination,entertainment
eminem secret gig venue revealed,entertainment
beatles suit sell for,entertainment
outkast win at mtv europe award,entertainment
oasis star fined for german brawl,entertainment
disputed nirvana box set on sale,entertainment
usher lead soul train shortlist,entertainment
u charity anthem is re released,entertainment
queen recruit singer for new tour,entertainment
band aid single storm to no,entertainment
itunes now selling band aid song,entertainment
court halt mark morrison album,entertainment
prince crowned top music earner,entertainment
early elvis recording go on sale,entertainment
parker saxophone head auction,entertainment
comic morris return with sitcom,entertainment
tv station refuse adoption show,entertainment
a lister flock to gervais sitcom,entertainment
campaigner attack mtv leaze,entertainment
u actor found with gun residue,entertainment
eastenders is set for u remake,entertainment
u to raise tv indecency fine,entertainment
eurovision great to do battle,entertainment
uk tv channel rapped for csi ad,entertainment
x factor show get second series,entertainment
alicia key to open u super bowl,entertainment
comeback show for friend star,entertainment
hillbilly singer scoggins dy,entertainment
branson show flop on u screen,entertainment
housewife lift channel rating,entertainment
mccririck out of big brother show,entertainment
chris evans back on the market,entertainment
top star join u tsunami tv show,entertainment
star trek fan fight to save show,entertainment
top of the pop leaf bbc one,entertainment
oscar host rock to keep it clean,entertainment
johnny and denise lose passport,entertainment
double eviction from big brother,entertainment
celebrity get their skate on,entertainment
holmes win top tv moment,entertainment
veteran comic cyril fletcher dy,entertainment
little britain vies for tv trophy,entertainment
springer criticises opera musical,entertainment
csi show give unrealistic view,entertainment
ethnic producer face barrier,entertainment
u tv special for tsunami relief,entertainment
gervais writing simpson episode,entertainment
john peel replacement show begin,entertainment
brookside actress keaveney dy,entertainment
indecency fine for viacom,entertainment
celebrity get to stay in jungle,entertainment
triple triumph for little britain,entertainment
bbc hould allow more scrutiny,entertainment
greer attack bully big brother,entertainment
no charge against tv cosby,entertainment
wife swap maker sue u copycat,entertainment
show over for mtv the osbournes,entertainment
jungle tv show rating drop by,entertainment
duran duran show set for u tv,entertainment
u show sued for rat eating stunt,entertainment
muslim group attack tv drama,entertainment
brookside creator channel bid,entertainment
little britain two top comic list,entertainment
tv show unites angolan family,entertainment
volcano drama erupts on bbc one,entertainment
south bank award honour hit soap,entertainment
housewife lift channel rating,entertainment
baywatch dubbed worst tv import,entertainment
stern dropped from radio station,entertainment
u tv host clark suffers stroke,entertainment
new medium battle for bafta award,entertainment
bet off after big brother leak,entertainment
school tribute for tv host carson,entertainment
singer ferguson facing eviction,entertainment
farrell due to make u tv debut,entertainment
stallone evicted from big brother,entertainment
fox too reliant on reality tv,entertainment
george michael to perform for bbc,entertainment
joy division story to become film,entertainment
new york rocker top talent poll,entertainment
aaliyah claim dismissed by court,entertainment
three dj replace peel radio show,entertainment
connick jr to lead broadway show,entertainment
elvis fan hold birthday bash,entertainment
elvis regains top chart position,entertainment
pop band busted to take a break,entertainment
franz ferdinand art school lesson,entertainment
singer knight back anti gun song,entertainment
portishead back after eight year,entertainment
fightstar take to the stage,entertainment
elvis et for chart hat trick,entertainment
youssou ndour win music prize,entertainment
totp turn to elvis impersonator,entertainment
blue beat u to top france honour,entertainment
ten year tragedy of missing manic,entertainment
mogul wilson backing uk rap band,entertainment
singer sizzla jailed for swearing,entertainment
spear seek aborted tour payment,entertainment
deal to ban homophobic reggae,entertainment
soul sensation ready for award,entertainment
prince crowned top music earner,entertainment
brit award for devon music act,entertainment
rock star sued by ex girlfriend,entertainment
scissor sister triumph at brit,entertainment
jamelia return to the top,entertainment
cult band kasabian surge forward,entertainment
brit debate over urban music,entertainment
row threatens hendrix museum plan,entertainment
no jail for singer courtney love,entertainment
rapper kanye west shrewd soul,entertainment
singer christina aguilera to wed,entertainment
brit return keane to number one,entertainment
u desire to be number one,entertainment
lasting influence of legend charles,entertainment
grammys honour soul star charles,entertainment
abba reunite for musical premiere,entertainment
help for indie in download sale,entertainment
t in the park sell out in day,entertainment
black sabbath top rock album poll,entertainment
michael film signal tirement,entertainment
hendrix guitar fetch,entertainment
german music in a zombie state,entertainment
musical treatment for capra film,entertainment
famed music director viotti dy,entertainment
tv presenter deeley drop cd uk,entertainment
the producer scoop stage award,entertainment
rocker doherty in on stage fight,entertainment
the sound of music is coming home,entertainment
download chart debut is delayed,entertainment
rapper film music video in jail,entertainment
music man to the oscar,entertainment
church urge nelly show boycott,entertainment
rap feud in cent g unit crew,entertainment
prodigy join v festival line up,entertainment
dj double act revamp chart show,entertainment
rapper cent score chart first,entertainment
goodrem win top female mtv prize,entertainment
rem announce new glasgow concert,entertainment
rapper cent end protege feud,entertainment
musician to tackle u red tape,entertainment
angel favourite funeral song,entertainment
u star enter rock hall of fame,entertainment
tough schedule delay elliot show,entertainment
singer ian brown in gig arrest,entertainment
no uk premiere for ring musical,entertainment
dame julie pop in to see poppins,entertainment
snow patrol bassist exit group,entertainment
fockers keep u box office lead,entertainment
spider man creator win profit,entertainment
fry set for role in hitchhiker,entertainment
bollywood draw global star,entertainment
hollywood hunt hit at sundance,entertainment
actress robert take spider role,entertainment
film production fall in uk,entertainment
fantasy book win hollywood deal,entertainment
the comic book genius of stan lee,entertainment
bangkok film festival battle on,entertainment
carry on star patsy rowlands dy,entertainment
tautou to star in da vinci film,entertainment
double win for sea inside,entertainment
bbc denies blackadder tv comeback,entertainment
corbett attack umbed down tv,entertainment
smith loses u box office crown,entertainment
bbc to pour into new comedy,entertainment
how the academy award flourished,entertainment
hoffman hit out over modern film,entertainment
johnny depp the acting outlaw,entertainment
patti smith to host art festival,entertainment
roxy music on isle of wight bill,entertainment
music mogul fuller sell company,entertainment
johnny cash manager holiff dy,entertainment
uk world biggest music buyer,entertainment
pixy take on reading and leeds,entertainment
vera drake lead uk oscar hope,entertainment
moreno debut make oscar mark,entertainment
bening make award breakthrough,entertainment
oscar steer clear of controversy,entertainment
kidman win photographer battle,entertainment
bookmaker back aviator for oscar,entertainment
van gogh festival film withdrawn,entertainment
douglas set for indian adventure,entertainment
russian film win bbc world prize,entertainment
incredibles win animation award,entertainment
actor scott is new bond favourite,entertainment
singer film to show at festival,entertainment
de niro film lead u box office,entertainment
film on war triumph at sundance,entertainment
career honour for actor dicaprio,entertainment
howl help boost japan cinema,entertainment
keanu reef given hollywood star,entertainment
de niro completes box office coup,entertainment
day lewis set for berlin honour,entertainment
u composer recreates bach score,entertainment
applegate charity show close,entertainment
ray charles studio becomes museum,entertainment
britney attack false tabloid,entertainment
abba queen enters music rich list,entertainment
casino royale is next bond movie,entertainment
berlin celebrates european cinema,entertainment
india to deport bollywood actress,entertainment
ray dvd beat box office taking,entertainment
woman in film are earning le,entertainment
vera drake bafta triumph hope,entertainment
roundabout continues nostalgia trip,entertainment
star shine on bafta red carpet,entertainment
bafta to hand out movie honour,entertainment
star pay tribute to actor davis,entertainment
aviator and vera take bafta glory,entertainment
film star fox behind theatre bid,entertainment
shark tale dvd is u best seller,entertainment
lopez miss uk charity premiere,entertainment
super size me win writer award,entertainment
original exorcist to be screened,entertainment
oscar nominee lack pulling power,entertainment
hitch hold on to u box office,entertainment
tarantino to direct csi episode,entertainment
bollywood dvd fraudster is jailed,entertainment
u afflicted with award fatigue,entertainment
critic back aviator for oscar,entertainment
briton win short film oscar,entertainment
sideways dominates spirit award,entertainment
arnold congratulated on oscar win,entertainment
eastwood baby scoop top oscar,entertainment
british star denied major oscar,entertainment
lee to create new film superhero,entertainment
jackson film absolute disaster,entertainment
france set for new da vinci novel,entertainment
uk director guild nominee named,entertainment
halloween writer debra hill dy,entertainment
tarantino to make friday sequel,entertainment
boogeyman take box office lead,entertainment
lost door frontman movie found,entertainment
last star war not for child,entertainment
french honour for director parker,entertainment
robot march to u cinema summit,entertainment
hobbit picture four year away,entertainment
buffy creator join wonder woman,entertainment
labour plan maternity pay rise,politics
watchdog probe e mail deletion,politics
hewitt decries career sexism,politics
labour chooses manchester,politics
brown ally reject budget spree,politics
error doomed first dome sale,politics
fox attack blair tory lie,politics
woman mp reveal sexist taunt,politics
campbell e mail row illy fuss,politics
crucial decision on super casino,politics
mr howard get key election role,politics
pm apology over jailings,politics
howard rebuts asylum criticism,politics
blair reject tory terror offer,politics
talk held on gibraltar future,politics
crisis ahead in social science,politics
tsunami debt deal to be announced,politics
straw to attend auschwitz service,politics
drink remark act a diversion,politics
concern at school diploma plan,politics
blair back pre election budget,politics
nat insurance to rise say tory,politics
e university isgraceful waste,politics
brown visit slum on africa trip,politics
uk need true immigration data,politics
blair set date for africa report,politics
butler launch attack on blair,politics
lib dems demand new inquiry,politics
uk set to cut back on embassy,politics
labour target hardcore truant,politics
blunkett sorry over murder plan,politics
hunt demo at labour meeting,politics
protester plan airport challenge,politics
tory attack burglar u turn,politics
leader meet over turkish eu bid,politics
choose hope over fear kennedy,politics
profile david miliband,politics
border rail link campaign rally,politics
hitler row over welsh art cash,politics
lord wrong on detainee straw,politics
profile david blunkett,politics
strike threat over pension plan,politics
party warned over grey vote,politics
mp quiz aide over royal income,politics
tory leader cleared over work,politics
blair and blunkett sheffield trip,politics
student fee factor played down,politics
angler could face prosecution,politics
clarke to press on with id card,politics
scot smoking ban detail set out,politics
mp criticise child access system,politics
nuclear strike key terror risk,politics
russian ex spy on hunger strike,politics
lib dems to target stamp duty,politics
kelly trail new discipline power,politics
citizenship event for touted,politics
england child tsar appointed,politics
eu china arm ban to be lifted,politics
debate needed on donation cap,politics
cardinal criticises iraq war cost,politics
assembly ballot paper missing,politics
muslim discus election concern,politics
drive to ave festive holiday,politics
blair hail turkey eu talk deal,politics
guantanamo pair passport ban,politics
common hunt protest charge,politics
child access law shake up,politics
mp to debate euthanasia law,politics
talk aim to avert pension strike,politics
opposition grows to house arrest,politics
visa decision every minute,politics
no more concession on terror,politics
no to royal succession shake up,politics
bnp leader nick griffin arrested,politics
boris opposes mayor apology,politics
report attack defence spending,politics
brown name march for budget,politics
asylum child to face return,politics
fido to be taken off vote list,politics
more to do on adult literacy,politics
tory backing for id card,politics
labour eu propaganda,politics
hague given up his pm ambition,politics
job cut false economy tuc,politics
uk useless quango under fire,politics
howard back stem cell research,politics
howard unveils tory asylum plan,politics
campaign cold call questioned,politics
tory leader quits legal position,politics
msps hear renewed climate warning,politics
voucher to cut winter death,politics
new yob target to be unveiled,politics
kennedy call for iraq exit plan,politics
mcconnell in runk remark row,politics
brown hit back in blair rift row,politics
tory would cut number of mp,politics
uk plan to deport terror suspect,politics
minister deny care sum wrong,politics
blair stress prosperity goal,politics
guantanamo man uing government,politics
council tax rise asonable,politics
blunkett row should end blair,politics
minimum rate for foster parent,politics
royal couple watch nation mood,politics
muslim police stop more likely,politics
howard attack cost of asylum,politics
brown outline third term vision,politics
super union merger plan touted,politics
uk firm embracing e commerce,politics
uk heading wrong way howard,politics
kilroy launch veritas party,politics
blair amaged by blunkett row,politics
mp shock at long lost daughter,politics
green fear for transport ballot,politics
new drink limit would cut toll,politics
csa could close say minister,politics
boothroyd call for lord speaker,politics
bid to cut court witness stress,politics
lord scarman dy peacefully,politics
tory leader urge harry apology,politics
nh waiting time target is cut,politics
tory plan migrant health check,politics
mp issued with blackberry threat,politics
wale must learn health lesson,politics
ukip candidate suspended,politics
end bush enial blair tell eu,politics
brown to outline presidency goal,politics
brown shrug off economy fear,politics
uk troop on ivory coast standby,politics
blair told to double overseas aid,politics
peace demo appeal rejected,politics
retirement age could be scrapped,politics
jowell reject la vega jibe,politics
ban on hunting come into force,politics
blair say uk tsunami aid to soar,politics
straw attacked on china arm,politics
defiant hunt put ban to the test,politics
eu fraud clampdown urged,politics
straw praise kashmir move,politics
uk help raped rwandan woman,politics
howard denies split over id card,politics
eu referendum question unveiled,politics
malik reject all black mp list,politics
mp attacked by mugger in kenya,politics
candidate resigns over bnp link,politics
nuclear dumpsite plan attacked,politics
labour accused of broken pledge,politics
labour trio had vote rig factory,politics
blair return from peace mission,politics
galloway plea for hostage release,politics
guantanamo four questioned,politics
minister defends hunting ban law,politics
clarke to unveil immigration plan,politics
mayor will not retract nazi jibe,politics
pakistani woman must not hide,politics
visa row mandarin made sir john,politics
kilroy silk attacked with slurry,politics
petrol duty frozen brown say,politics
howard unveils election platform,politics
lawyer attack anti terror law,politics
turkey deal to help world peace,politics
protect whistleblower tuc say,politics
kinnock to urge reform in lord,politics
mcconnell detail scot wave toll,politics
police urge pub closure power,politics
blunkett tell of love and pain,politics
housing plan criticised by mp,politics
mp murder sentence concern,politics
no one can define new hunt ban,politics
hospital suspends no welsh plan,politics
tory pledge free sport lesson,politics
faith school citizenship warning,politics
minister lose slopping out case,politics
escaped prisoner report ordered,politics
chancellor rally labour voter,politics
council must find gypsy site,politics
plaid mp cottage arson claim,politics
hatfield executive go on trial,politics
final hunt held a ban loom,politics
falconer rebuts charade claim,politics
school sport is back say pm,politics
anti terror plan face first test,politics
former ni minister scott dy,politics
blair reject iraq advice call,politics
police probe bnp mosque leaflet,politics
blair say mayor should apologise,politics
jowell confirms casino climbdown,politics
security paper found in street,politics
blair congratulates bush on win,politics
howard truanted to play snooker,politics
short attack u over tsunami aid,politics
guantanamo four free in week,politics
tory attack eu asylum move,politics
cherie accused of attacking bush,politics
tsunami wo divert africa aid,politics
mandelson warning to bbc,politics
blair pressing u on climate,politics
police chief back drinking move,politics
game warning must be clearer,politics
mallon wade into ne vote battle,politics
howard reject bnp claim,politics
tory opposing hour drinking,politics
new foot and mouth action urged,politics
correction agency plan dropped,politics
tutu guantanamo release call,politics
blair hope for blunkett return,politics
february poll claim peculation,politics
gurkha to help tsunami victim,politics
abbas will not tolerate attack,politics
thousand join strike in wale,politics
top judge clash with minister,politics
tory expert denies defeatism,politics
lib dems target the student vote,politics
custody death rate hock mp,politics
new rule tackle ham wedding,politics
minister naive over phone tap,politics
school to take part in mock poll,politics
blair dismisses quit claim report,politics
jamieson issue warning to bigot,politics
clarke plan migrant point scheme,politics
clarke defends terror detention,politics
voter ject eu by two to one,politics
kennedy question trust of blair,politics
terror detainee win lord appeal,politics
blair to face mp amid feud talk,politics
tory unveil quango blitz plan,politics
clarke face id card rebellion,politics
labour pig poster anti semitic,politics
iraqi win death test case probe,politics
burglar defence guideline issued,politics
woolf murder sentence rethink,politics
probe launched on ken nazi jibe,politics
few ready for information act,politics
blunkett unveils policing plan,politics
lib dems new election pr chief,politics
jack cunningham to stand down,politics
kilroy unveils immigration policy,politics
regiment group in poll move,politics
row over police power for csos,politics
sport betting rule in spotlight,politics
council prepare to set tax rise,politics
whitehall shredding increasing tory,politics
mp ass scot fishing industry,politics
research fear over kelly view,politics
army chief in regiment decision,politics
student inequality exposed,politics
kennedy to make temple address,politics
david blunkett in quote,politics
no election tv debate say blair,politics
what the election should really be about,politics
brown and blair face new rift claim,politics
blair aid he would stand down,politics
blair dismisses quit claim report,politics
could rivalry overshadow election,politics
brown in appeal for labour unity,politics
blair pledge unity to labour mp,politics
blair and brown criticised by mp,politics
labour mp fear over squabbling,politics
poll idol face first hurdle,politics
labour seek to quell feud talk,politics
labour election love in,politics
howard taunt blair over split,politics
how political squabble snowball,politics
blair look to election campaign,politics
tory unveil quango blitz plan,politics
peer debate crown succession law,politics
ukip secret weapon,politics
more reform ahead say milburn,politics
teen know little of politics,politics
defection timed to hit tax pledge,politics
tory leader unveils spending plan,politics
kennedy look to election gain,politics
best person for top legal job,politics
the memory driving brown mission,politics
howard dismisses tory tax fear,politics
donor attack blair brown feud,politics
howard and blair tax pledge clash,politics
what really divide the party,politics
amnesty chief lament war failure,politics
blair see greater bush consensus,politics
kilroy silk quits hameful ukip,politics
blair blast tory spending plan,politics
lib dems bold election policy,politics
kennedy cautious optimism,politics
hague given up his pm ambition,politics
ukip candidate suspended in probe,politics
boothroyd call for lord speaker,politics
new ukip defection to veritas,politics
baron kinnock make lord debut,politics
terror power expose tyranny,politics
super union merger plan touted,politics
ukip mep attacked german empire,politics
kilroy launch veritas party,politics
civil servant in strike ballot,politics
blair labour longest serving pm,politics
tory leave door open for archer,politics
mandelson warns bbc on campbell,politics
debate needed on donation cap,politics
conservative backing for id card,politics
howard denies split over id card,politics
tax must be trusted kennedy,politics
galloway target new labour mp,politics
election deal faltered over heath role,politics
ukip outspent labour on eu poll,politics
labour battle plan hide blair,politics
campbell return to election team,politics
conservative mp defect to labour,politics
tory talking horse meyer dy,politics
uk youth interested in politics,politics
mp issued with blackberry threat,politics
talk aim to avert pension strike,politics
stalemate in pension strike talk,politics
party warned over grey vote,politics
blair to face trust issue head on,politics
csa chief who quit still in job,politics
blair move to woo jewish voter,politics
party plan for council tax,politics
labour in constituency race row,politics
mp tout lord replacement plan,politics
hague six figure earnings shown,politics
school to take part in mock poll,politics
party build up poll war chest,politics
kennedy predicts bigger turnout,politics
iraq advice claim spark new row,politics
ukip could sue veritas defector,politics
prime minister question,politics
goldsmith denies war advice claim,politics
goldsmith i wa not leant on,politics
tory expert denies defeat warning,politics
manchester win labour conference,politics
labour attacked on howard poster,politics
milburn defends poster campaign,politics
kilroy name election seat target,politics
immigration to be election issue,politics
kennedy begin pre election tour,politics
labour core support take stock,politics
campaign cold call questioned,politics
lib dems highlight problem debt,politics
lib dems target first time buyer,politics
lib dems unveil woman manifesto,politics
kennedy question trust of blair,politics
brown outline third term vision,politics
labour cunningham to stand down,politics
will tory tax cut lift spirit,politics
teenager to be allowed to be mp,politics
labour four little word,politics
tory outlining policing plan,politics
tv debate urged for party chief,politics
chancellor rally labour voter,politics
brown proud of economy record,politics
fox attack blair tory lie,politics
blair join school sailing trip,politics
analysis no pain no gain,politics
brown name march for budget,politics
lib dems stress budget trust gap,politics
blair back pre election budget,politics
cabinet anger at brown cash raid,politics
uk will stand firm on eu rebate,politics
brown ally reject budget spree,politics
will the budget bring out smiling voter,politics
budget to set scene for election,politics
brown come out shooting,politics
kennedy criticises unfair tax,politics
howard attack pay later budget,politics
whitehall cut ahead of target,politics
brown call for aid fund,politics
uk heading wrong way say howard,politics
act on detention ruling uk urged,politics
baa support ahead of court battle,politics
uk iscriminated against rom,politics
howard pitch for uk ethnic vote,politics
observer to monitor uk election,politics
uk rebate unjustified chirac,politics
uk need tax cut tory insist,politics
brown target oaps and homebuyers,politics
mp demand budget leak answer,politics
u casino trick face ban in uk,politics
blair defends terror law change,politics
election could be terror target,politics
minimum wage increased to,politics
hunt ban support is in decline,politics
at a glance tory health check,politics
labour accused of eu propaganda,politics
terror suspect face house arrest,politics
uk pledge to vaccine effort,politics
straw back ending china embargo,politics
pre poll clash on tax and spend,politics
plan to give elderly care control,politics
eu rule wo stop uk spending,politics
child access law shake up planned,politics
eu referendum could cost,politics
no uk apology for colonial past,politics
parliament record of scandal,politics
economy focus for election battle,politics
blair ready to call election,politics
labour face cold call inquiry,politics
blunkett hint at election call,politics
lib dems predict best ever poll,politics
tory reject rethink on axed mp,politics
ex pm lord callaghan dy aged,politics
blair prepares to name poll date,politics
brown poll campaign move denied,politics
voter o trust politician,politics
tory candidate quits over remark,politics
abortion not a poll issue blair,politics
profile gordon brown,politics
boateng to step down at election,politics
howard hit back at mongrel jibe,politics
tory urge change at the top,politics
sayeed to stand down a tory mp,politics
howard unfinished business,politics
last chance warning for voter,politics
sainsbury labour election gift,politics
blair up for it ahead of poll,politics
labour mp praise tory campaign,politics
top tory on lib dem hit list,politics
lib dems unveil election slogan,politics
claxton hunting first major medal,sport
osullivan could run in world,sport
greene set sight on world title,sport
iaaf launch fight against drug,sport
dibaba break world record,sport
isinbayeva claim new world best,sport
osullivan commits to dublin race,sport
hansen elays return until,sport
off colour gardener storm to win,sport
collins to compete in birmingham,sport
radcliffe yet to answer gb call,sport
edward tip idowu for euro gold,sport
kenya lift chepkemei suspension,sport
mcilroy aiming for madrid title,sport
uk athletics agrees new kit deal,sport
verdict delay for greek sprinter,sport
call for kenteris to be cleared,sport
merritt close to indoor mark,sport
london hope over chepkemei,sport
edward tip idowu for euro gold,sport
chepkemei hit by big ban,sport
holmes secures comeback victory,sport
greek pair attend drug hearing,sport
chepkemei join edinburgh line up,sport
el guerrouj target cross country,sport
collins appeal against drug ban,sport
holmes feted with further honour,sport
campbell to extend sprint career,sport
isinbayeva head for birmingham,sport
an irish athletics year,sport
sprinter walker quits athletics,sport
bekele set sight on world mark,sport
greek sprinter suspended by iaaf,sport
athens memory soar above low,sport
collins banned in landmark case,sport
jones doping probe begin,sport
johnson accuses british sprinter,sport
radcliffe prof doubter wrong,sport
jones medal must go if guilty,sport
radcliffe tackle marathon task,sport
gatlin and hayes win owen award,sport
radcliffe enjoys winning comeback,sport
collins named uk athletics chief,sport
white admits to balco drug link,sport
trial date is set for balco case,sport
radcliffe eye hard line on drug,sport
kenteris denies faking road crash,sport
greek pair set for hearing,sport
jones file conte lawsuit,sport
iaaf awaits greek pair response,sport
iaaf to rule on greek sprint pair,sport
holmes start with gb event,sport
gebrselassie in london triple bid,sport
thanou bullish over drug hearing,sport
holmes is hit by hamstring injury,sport
kluft impressed by sotherton form,sport
what now for kelly holmes,sport
gardener battle to narrow win,sport
european medal chance improve,sport
mcilroy win indoor title,sport
johnson edge out rival sotherton,sport
brizzel to run aaa in sheffield,sport
holmes urged to compete at world,sport
mcilroy continues winning streak,sport
radcliffe will compete in london,sport
britain boosted by holmes double,sport
lewis francis eyeing world gold,sport
gb select holmes for double bid,sport
holmes back on form in birmingham,sport
record fails to lift lacklustre meet,sport
tomlinson stay focused on europe,sport
running around the olympics,sport
johnson uncertain about euro bid,sport
pavey focus on indoor success,sport
gardener win double in glasgow,sport
african double in edinburgh,sport
yelling take cardiff hat trick,sport
butler strike gold in spain,sport
wada will appeal against ruling,sport
greek sprinter wo run again,sport
iaaf will contest greek decision,sport
greek duo cleared in doping case,sport
johnson too strong for gb runner,sport
holmes start with gb event,sport
tulu to appear at caledonian run,sport
disappointed scott in solid start,sport
gb quartet get cross country call,sport
jones file lawsuit against conte,sport
thanou desperate to make return,sport
relay squad thrilled with honour,sport
balco case trial date pushed back,sport
collins call for chamber return,sport
costin aim for comeback in,sport
lewis francis turn to christie,sport
man utd stroll to cup win,sport
van nistelrooy set to return,sport
moyes u turn on beattie dismissal,sport
ronaldo considering new contract,sport
smith keen on home series return,sport
mido make third apology,sport
man city man utd,sport
gerrard play down european hope,sport
duff ruled out of barcelona clash,sport
chelsea clinch cup in extra time,sport
newcastle bolton,sport
middlesbrough charlton,sport
dundee utd aberdeen,sport
clyde celtic,sport
heart livingston,sport
kenyon denies robben barca return,sport
bridge could miss rest of season,sport
parry firm over gerrard,sport
wright phillips to start on right,sport
robben sidelined with broken foot,sport
giggs handed wale leading role,sport
bosvelt optimistic over new deal,sport
sociedad set to rescue mladenovic,sport
parry relish anfield challenge,sport
time to get tough on friendly,sport
barcelona title hope hit by loss,sport
parry put gerrard above money,sport
bee handed potential man utd tie,sport
england defensive crisis grows,sport
ferdinand cast doubt over glazer,sport
premier league planning cole date,sport
mccall earns tannadice reprieve,sport
kewell wait a injury drag on,sport
smith aim to bring back respect,sport
injury doubt beset wale squad,sport
weir poised for sunderland move,sport
newry to fight cup exit in court,sport
republic to face china and italy,sport
finnan say irish can win group,sport
irish finish with home game,sport
israeli club look to africa,sport
iranian miss israel match,sport
highbury tunnel player in clear,sport
bellamy under new fire,sport
chelsea denied by james heroic,sport
chelsea ridiculed over complaint,sport
benitez issue warning to gerrard,sport
owen determined to stay in madrid,sport
wenger handed summer war chest,sport
souness delight at euro progress,sport
downing injury mar uefa victory,sport
ranger seal old firm win,sport
sfa awaits report over mikoliunas,sport
palace threat over cantona mask,sport
legendary dutch bos michels dy,sport
jol joy at professional cup win,sport
owen delighted with real display,sport
ferguson fear milan cutting edge,sport
rush future at chester uncertain,sport
reyes tricked into real admission,sport
benitez joy a red take control,sport
souness eye summer move for owen,sport
wenger dejected a arsenal slump,sport
stam spice up man utd encounter,sport
mourinho defiant on chelsea form,sport
hodgson relish european clash,sport
coach ranieri sacked by valencia,sport
cole face lengthy injury lay off,sport
arsenal through on penalty,sport
ajax refuse to rule out jol move,sport
unclear future for striker baros,sport
prutton poised for lengthy fa ban,sport
robben play down european return,sport
adriano chelsea link rejected,sport
fa decides not to punish mourinho,sport
aragones angered by racism fine,sport
boro suffer morrison injury blow,sport
mourinho receives robson warning,sport
qpr keeper day head for preston,sport
cudicini miss carling cup final,sport
beattie return calm attack fear,sport
keegan hail comeback king fowler,sport
thompson say gerrard should stay,sport
cole refuse to blame van persie,sport
blackburn v burnley,sport
brentford v southampton,sport
desailly back blue revenge trip,sport
desailly back blue revenge trip,sport
mourinho expects fight to finish,sport
cup holder man utd visit everton,sport
candela completes bolton switch,sport
stuart join norwich from addicks,sport
celtic make late bid for bellamy,sport
campbell lift lid on united feud,sport
rover reject third ferguson bid,sport
sa return to mauritius,sport
tottenham bid for forest duo,sport
redknapp saint face pompey tie,sport
real in talk over gravesen move,sport
klinsmann issue lehmann warning,sport
juninho demand for oneill talk,sport
wenger sign new deal,sport
fa probe crowd trouble,sport
edu describes tunnel fracas,sport
chelsea sack mutu,sport
ferguson urge henry punishment,sport
wenger offer mutu hope,sport
santini resigns a spur manager,sport
mutu to hold talk with juventus,sport
uefa approves fake grass,sport
yeading face newcastle in fa cup,sport
anelka eye man city departure,sport
arnesen denies rift with santini,sport
souness back smith for scotland,sport
gallas see two horse race,sport
tevez an argentine in brazil,sport
edu blast arsenal,sport
can smith work scottish wonder,sport
jansen suffers a further setback,sport
mansfield leyton orient,sport
zambia confident and cautious,sport
reaction from spanish press,sport
kerr frustrated at victory margin,sport
mourinho plot impressive course,sport
heart of oak cotonsport,sport
curbishley delight for johansson,sport
lennon brand ranger favourite,sport
mcclaren hail boro uefa spirit,sport
benitez delight after crucial win,sport
bristol city milton keynes,sport
hereford doncaster,sport
wolf appoint hoddle a manager,sport
wenger keeping faith with almunia,sport
houllier praise benitez regime,sport
mcclaren target champion league,sport
hitzlsperger waiting on oleary,sport
mourinho to escape fa charge,sport
wolf appoint hoddle a manager,sport
redknapp poised for saint,sport
fa charge liverpool and millwall,sport
wenger step up row,sport
liverpool revel in night of glory,sport
english club make euro history,sport
ferguson put faith in youngster,sport
beckham relief a real go through,sport
man utd through after exeter test,sport
hamm bow out for u,sport
wenger rule out new keeper,sport
liverpool pledge to keep gerrard,sport
pearce keen on succeeding keegan,sport
bomb threat at bernabeu stadium,sport
chelsea hold arsenal,sport
real will finish abandoned match,sport
poll explains free kick decision,sport
solskjaer raise hope of return,sport
dunne keen to commit to man city,sport
bates seal takeover,sport
ferguson rue failure to cut gap,sport
old firm pair handed suspension,sport
anelka apologises for criticism,sport
ferguson rue failure to cut gap,sport
everton weir cool euro hope,sport
spain coach face racism inquiry,sport
spain coach face racism inquiry,sport
benitez deflects blame from dudek,sport
bellamy fined after row,sport
mcclaren eye uefa cup top spot,sport
spur to sign iceland u star,sport
mcleish ready for criticism,sport
oleary agrees new villa contract,sport
gronkjaer agrees switch to madrid,sport
benitez to launch morientes bid,sport
robertson out to retain euro lure,sport
campbell rescue arsenal,sport
red sink man magpie,sport
strachan turn down pompey,sport
henry tipped for fifa award,sport
newcastle to join morientes race,sport
blue slam blackburn over savage,sport
gerrard happy at anfield,sport
beckham rule out management move,sport
mexican tracking unhappy juninho,sport
celtic unhappy over bulgaria date,sport
robben and cole earn chelsea win,sport
newcastle line up babayaro,sport
mourinho take swipe at arsenal,sport
wenger shock at newcastle dip,sport
ferguson hail man utd resolve,sport
tv call after carroll error,sport
hodgson shoulder england blame,sport
vickery out of six nation,sport
yachvili savour france comeback,sport
laporte tinker with team,sport
lewsey puzzle over disallowed try,sport
fuming robinson blast official,sport
ogara revel in ireland victory,sport
thomas out of six nation,sport
wale coach elated with win,sport
newcastle gloucester,sport
london irish wasp,sport
murray return to scotland fold,sport
fear will help france laporte,sport
davy favour gloucester future,sport
ref stand by scotland decision,sport
robinson ready for difficult task,sport
bell set for england debut,sport
osullivan quick to hail italian,sport
italy ireland,sport
jones happy with henson heroic,sport
double injury blow strike wale,sport
kirwan demand italy consistency,sport
fit again betsen in france squad,sport
wale critical of clumsy grewcock,sport
henson stake early lion claim,sport
murphy that wa a bruising battle,sport
wale make two change for france,sport
ireland surge past scot,sport
wale win in rome,sport
white prepared for battle,sport
odriscoll save irish blush,sport
barkley fit for match in ireland,sport
wale star need a rest ruddock,sport
munster cup tie switched to spain,sport
williams say he will never quit,sport
pountney handed ban and fine,sport
france v wale sat,sport
woodward eye brennan for lion,sport
scotland v italy sat,sport
preview ireland v england sun,sport
leeds v saracen fri,sport
worcester v sale fri,sport
robinson answer critic,sport
sella want michalak recall,sport
umaga ready for lion,sport
umaga ready for fearsome lion,sport
campese berates whingeing england,sport
odriscoll gregan lead aid star,sport
harinordoquy suffers france axe,sport
parker miss england clash,sport
stevens named in england line up,sport
bortolami predicts dour contest,sport
corry back skipper robinson,sport
prop jones ready for hard graft,sport
moody join up with england,sport
captain lining up for aid match,sport
castaignede fire laporte warning,sport
charvis set to lose fitness bid,sport
robinson out of six nation,sport
england coach face rap after row,sport
harinordoquy suffers france axe,sport
wilkinson return unlikely,sport
england to launch ref protest,sport
moore question captaincy,sport
owen set for skipper role,sport
italy aim to rattle england,sport
dal maso in to replace bergamasco,sport
teenager tait picked for england,sport
wood ireland can win grand slam,sport
scot suffer another injury blow,sport
osullivan keep his powder dry,sport
wale get williams fitness boost,sport
dawson join england injury list,sport
wale want rugby league training,sport
saint andre anger at absent star,sport
ruddock back yapp credential,sport
player burn out worry robinson,sport
hodges announces rugby retirement,sport
funding cut hit wale student,sport
calder fear for scottish rugby,sport
a year to remember for irish,sport
williams stay on despite dispute,sport
lomu relishing return to action,sport
johnson announces june retirement,sport
a november to remember,sport
south africa sweep top award,sport
robinson want dual code success,sport
all black magic new zealand rugby,sport
wru proposes season overhaul,sport
wilkinson to lead england,sport
hong kong in world cup bid,sport
dallaglio his own man to the end,sport
wasp leicester,sport
ireland south africa,sport
ireland v usa sat,sport
ireland call up uncapped campbell,sport
ireland argentina,sport
england claim dubai seven glory,sport
barbarian new zealand,sport
dawson win england squad recall,sport
border ulster,sport
lion blow to world cup star,sport
campbell to be lion consultant,sport
lion blow to world cup winner,sport
wilkinson fit to face edinburgh,sport
dallaglio eyeing lion tour place,sport
dawson set for new wasp contract,sport
healey target england comeback,sport
scrum half williams rejoins bath,sport
bath faced with tindall ultimatum,sport
tindall want second opinion,sport
paris promise raise welsh hope,sport
wale silent on grand slam talk,sport
sculthorpe want lion captaincy,sport
tiger wary of farrell gamble,sport
farrell saga to drag on lindsay,sport
england given tough seven draw,sport
wale hail new superstar,sport
sydney to host north v south game,sport
celt savour grand slam prospect,sport
ireland win eclipse refereeing error,sport
ireland england,sport
fuming robinson blast official,sport
scotland italy,sport
bortolami predicts dour contest,sport
oconnell reject lion rumour,sport
taylor poised for scotland return,sport
vickery upbeat about arm injury,sport
dominici back lacklustre france,sport
llewellyn plan wale retirement,sport
england france,sport
wilkinson to miss ireland match,sport
italy wale,sport
darcy injury add to ireland woe,sport
odriscoll out of scotland game,sport
tindall aiming to earn lion spot,sport
oconnor aim to grab opportunity,sport
henman overcomes rival rusedski,sport
safin slump to shock dubai loss,sport
ferrero eye return to top form,sport
roddick into san jose final,sport
federer claim dubai crown,sport
young debut cut short by ginepri,sport
melzer shock agassi,sport
federer forced to dig deep,sport
nadal march on in mexico,sport
hantuchova in dubai last eight,sport
parmar ruled out of davis cup tie,sport
davenport hit out at wimbledon,sport
dogged federer claim dubai crown,sport
henman hope ended in dubai,sport
mirza shock kuznetsova,sport
hantuchova in dubai last eight,sport
murray to make cup history,sport
davenport hit out at wimbledon,sport
venus stunned by farina elia,sport
martinez see off vinci challenge,sport
serena becomes world number two,sport
hingis to make unexpected return,sport
clijsters set for february return,sport
hewitt fall to dent,sport
angry williams reject criticism,sport
davenport dismantles young rival,sport
serena end sania mirza dream,sport
kuznetsova failed a drug test,sport
what now for british tennis,sport
hewitt overcomes wobble in sydney,sport
moya fight back for indian title,sport
rochus shock corium in auckland,sport
johansson take adelaide victory,sport
hingis hint at playing comeback,sport
slovakia seal hopman cup success,sport
dementieva prevails in hong kong,sport
injury sideline philippoussis,sport
hewitt fall to dent in adelaide,sport
federer breeze into semi final,sport
davenport put retirement on hold,sport
rusedski angry over supplement,sport
navratilova hit out at critic,sport
prodigy monfils blow away gaudio,sport
connors boost for british tennis,sport
henin hardenne beaten on comeback,sport
moya clinch cup for spain,sport
capriati to miss melbourne,sport
classy henman make winning start,sport
moya emotional after davis cup win,sport
moya emotional at davis cup win,sport
capriati out of australian open,sport
bryan twin keep u hope alive,sport
faultless federer ha no equal,sport
mauresmo open with victory in la,sport
agassi fear for melbourne,sport
henman to face saulnier test,sport
moya suffers shock loss,sport
clijsters hope on aussie open,sport
clijsters could play aussie open,sport
edgy agassi struggle past dent,sport
roddick split from coach gilbert,sport
roddick in talk over new coach,sport
hewitt survives nalbandian epic,sport
sydney return for henin hardenne,sport
koubek suspended after drug test,sport
hewitt fight back to reach final,sport
official respond in court row,sport
williams battle to aussie title,sport
safin cool on wimbledon,sport
safin play down wimbledon hope,sport
nadal put spain up,sport
henman murray claim lta award,sport
connors rallying cry for british tennis,sport
roche turn down federer offer,sport
federer join all time great,sport
philippoussis doubt over open bid,sport
slovakia reach hopman cup final,sport
dent continues adelaide progress,sport
moya sidestep davis cup in,sport
henman decides to quit davis cup,sport
ivanovic seal canberra victory,sport
minister dig in over doping row,sport
safin relieved at aussie recovery,sport
veteran martinez win thai title,sport
soderling win tense milan final,sport
rusedski forced out in marseille,sport
big gun ease through in san jose,sport
almagro continues spanish surge,sport
melzer shock agassi in san jose,sport
mirza make indian tennis history,sport
roddick to face saulnier in final,sport
ink help drive democracy in asia,tech
china net cafe culture crackdown,tech
microsoft seeking spyware trojan,tech
digital guru float sub pc,tech
technology get the creative bug,tech
wi fi web reach farmer in peru,tech
microsoft release bumper patch,tech
virus pose a christmas e mail,tech
apple laptop is greatest gadget,tech
google toolbar spark concern,tech
uk net user leading tv downloads,tech
ibm put cash behind linux push,tech
uk pioneer digital film network,tech
eu software patent law face axe,tech
xbox power cable fire fear,tech
global blogger action day called,tech
finding new home for old phone,tech
playstation chip to be unveiled,tech
intel unveils laser breakthrough,tech
security scare spark browser fix,tech
briton fed up with net service,tech
sun offer processing by the hour,tech
laser help bridge network gap,tech
game firm hold cast audition,tech
sony psp console hit u in march,tech
warning about junk mail deluge,tech
warning over tsunami aid website,tech
piero give rugby perspective,tech
open source leader slam patent,tech
reboot ordered for eu patent law,tech
solution to net security fear,tech
mobile network seek turbo boost,tech
global digital divide narrowing,tech
uk get official virus alert site,tech
iran jail blogger for year,tech
microsoft seeking spyware trojan,tech
u woman sue over cartridge,tech
movie body hit peer to peer net,tech
security warning over fbi virus,tech
apple ipod family expands market,tech
t mobile bet on pocket office,tech
hotspot user gain free net call,tech
dvd copy protection strengthened,tech
apple attacked over source row,tech
sony psp tipped a a must have,tech
bbc lead interactive bafta win,tech
million buy mp player in u,tech
no re draft for eu patent law,tech
domain system scam fear,tech
cheaper chip for mobile,tech
blind student hears in colour,tech
xbox may be unveiled in summer,tech
microsoft launch it own search,tech
moving mobile improves golf swing,tech
junk e mail on relentless rise,tech
sporting rival go to extra time,tech
half life sweep bafta award,tech
bt boost it broadband package,tech
mobile not medium player yet,tech
microsoft release patch,tech
concern over rfid tag,tech
ask jeeves join web log market,tech
digital guru float sub pc,tech
look and music to drive mobile,tech
yahoo celebrates a decade online,tech
kenyan school turn to handhelds,tech
tough rule for ringtone seller,tech
creator of first apple mac dy,tech
friend fear with lost mobile,tech
telewest to challenge sky plus,tech
game enter the classroom,tech
gadget growth fuel eco concern,tech
evil twin fear for wireless net,tech
china to overtake u net use,tech
u peer to peer pirate convicted,tech
google launch tv search service,tech
rich picking for hi tech thief,tech
blog reading explodes in america,tech
software watching while you work,tech
new delay hit eu software law,tech
savvy searcher fail to spot ad,tech
game firm face tough future,tech
microsoft make anti piracy move,tech
nintendo handheld given euro date,tech
smart search let art fan browse,tech
warning over window word file,tech
net regulation till possible,tech
voter flock to blog award site,tech
latest opera browser get vocal,tech
web radio take spanish rap global,tech
movie body target child pc,tech
norway upholds napster ruling,tech
the future in your pocket,tech
what high definition will do to dvd,tech
mobile game come of age,tech
california set fine for spyware,tech
web help collect aid donation,tech
mobile rack up year of use,tech
blog take on the mainstream,tech
honour for uk game maker,tech
bush website blocked outside u,tech
blogger grounded by her airline,tech
camera phone are must have,tech
game eserve a place in class,tech
nuclear body seek new tech,tech
web log aid disaster recovery,tech
panda benefit from wireless net,tech
search war hit desktop pc,tech
home phone face unclear future,tech
podcasts mark rise of diy radio,tech
sony ware win innovation award,tech
portable playstation ready to go,tech
viewer to be able to shape tv,tech
game maker fight for survival,tech
pompeii get digital make over,tech
fast moving phone bug appear,tech
joke e mail virus trick user,tech
progress on new internet domain,tech
argonaut founder rebuilds empire,tech
dozen held over id fraud site,tech
robot learn robotiquette rule,tech
concern over window atm,tech
attack prompt bush site block,tech
loyalty card idea for tv addict,tech
the force is strong in battlefront,tech
ultimate game award for doom,tech
gadget show herald mp season,tech
commodore find new lease of life,tech
broadband in the uk growing fast,tech
slim playstation triple sale,tech
seaman sail into biometric future,tech
u duo in first spam conviction,tech
u blogger fired by her airline,tech
gate open biggest gadget fair,tech
gta sequel is criminally good,tech
bt offer free net phone call,tech
when invention turn to innovation,tech
firefox browser take on microsoft,tech
halo fan hope for sequel,tech
player sought for prize,tech
u top of supercomputing chart,tech
text message aid disaster recovery,tech
putting a face to big brother,tech
football manager score big time,tech
musician upbeat about the net,tech
broadband take on tv viewing,tech
freeze on anti spam campaign,tech
itunes user sue apple over ipod,tech
microsoft get the blogging bug,tech
broadband fuel online change,tech
blog picked a word of the year,tech
new year texting break record,tech
d aim to touch gamers,tech
no half measure with half life,tech
game win for blu ray dvd format,tech
file swappers ready new network,tech
online game play with politics,tech
broadband challenge tv viewing,tech
freeze on anti spam campaign,tech
halo sell five million copy,tech
when technology get personal,tech
microsoft get the blogging bug,tech
door open at biggest gadget fair,tech
who do you think you are,tech
brainwave cap control computer,tech
brainwave cap control computer,tech
europe back digital tv lifestyle,tech
a decade of good website design,tech
metal slug offer retro fun,tech
casual gaming to take off,tech
ultimate game award for doom,tech
gadget show herald mp christmas,tech
supercomputer break speed record,tech
gadget galore on show at fair,tech
broadband in the uk growing fast,tech
u duo in first spam conviction,tech
microsoft debut security tool,tech
slimmer playstation triple sale,tech
seaman sail into biometric future,tech
u blogger fired by her airline,tech
mobile double up a bus ticket,tech
mobile gig aim to rock,tech
consumer nub portable video,tech
learning to love broadband,tech
nintendo d aim to touch gamers,tech
china block google news site,tech
a question of trust and technology,tech
call for action on internet scam,tech
screensaver tackle spam website,tech
first look at playstation chip,tech
online common to spark debate,tech
mobile gaming take off in india,tech
gadget market to grow in,tech
swap offer for pirated window xp,tech
ban hit half life pirate hard,tech
new browser win over net surfer,tech
smartphones suffer skull attack,tech
musical future for phone,tech
multi purpose tv aid india,tech
computer grid to help the world,tech
how to make a gigapixel picture,tech
remote control rifle range debut,tech
gangster dominate gaming chart,tech
british library get wireless net,tech
uk broadband get speed injection,tech
row brewing over peer to peer ad,tech
how to smash a home computer,tech
mobile picture power in your pocket,tech
man auction ad space on forehead,tech
toxic web link help virus spread,tech
million to miss out on the net,tech
lifestyle governs mobile choice,tech
search site get closer to user,tech
anti spam screensaver scrapped,tech
europe back digital tv lifestyle,tech
tv future in the hand of viewer,tech
cyber criminal step up the pace,tech
gritty return for prince of persia,tech
disney back sony dvd technology,tech
briton growing igitally obese,tech
halo herald traffic explosion,tech
medium gadget get moving,tech
satellite mapping aid darfur relief,tech
disney back sony dvd technology,tech
lifestyle governs mobile choice,tech
million to miss out on the net,tech
spam e mail tempt net shopper,tech
more power to the people say hp,tech
robotic pod take on car design,tech
hi tech poster guide commuter,tech
parent face video game lesson,tech
bbc web search aid odd query,tech
metal slug offer retro fun,tech
mobile multimedia slow to catch on,tech
internet boom for gift shopping,tech
google to scan famous library,tech
microsoft take on desktop search,tech
gamers snap up new sony psp,tech
go ahead for new internet name,tech
set your television to wow,tech
hollywood to sue net film pirate,tech
pc ownership to ouble by,tech
pc photo printer challenge pro,tech
the gaming world in,tech
bond game fails to shake or stir,tech
humanoid robot learns how to run,tech
nintendo add medium playing to d,tech
apple sue to stop product leak,tech
gamer buy virtual land,tech
microsoft set sight on spyware,tech
video phone help for deaf people,tech
virus pose a christmas e mail,tech
fast lift rise into record book,tech
broadband in the uk gather pace,tech
hollywood campaign hit website,tech
pole play with gameboy blip pop,tech
santy worm make unwelcome visit,tech
eu software patent law delayed,tech
apple sue tiger file sharer,tech
apple unveils low cost mac mini,tech
speech take on search engine,tech
broadband steam ahead in the u,tech
napster offer rented music to go,tech
broadband soar in,tech
half of uk mobile go online,tech
blinx sequel purr nicely,tech
the year search became personal,tech
ibm free software patent,tech
yahoo move into desktop search,tech
ring of steel combat net attack,tech
u hacker break into t mobile,tech
window worm travel with tetri,tech
u state act to stop pammers,tech
world tour for top video gamers,tech
souped up wi fi is on the horizon,tech
ea to take on film and tv giant,tech
tech help disabled speed demon,tech
web photo storage market hots up,tech
speak easy plan for medium player,tech
cable offer video on demand,tech
cyber crime boom in,tech
dublin hi tech lab to shut down,tech
game help you learn and play,tech
hacker threat to apple itunes,tech
format war could confuse user,tech
peer to peer net here to stay,tech
text message record smashed,tech
big war game battle it out,tech
mobile rack up year of use,tech
fast moving phone virus appear,tech
door open at biggest gadget fair,tech
microsoft debut security tool,tech
file swappers ready new network,tech
game win for blu ray dvd format,tech
more power to the people say hp,tech
gadget market to grow in,tech
apple unveils low cost mac mini,tech
napster offer rented music to go,tech
ring of steel combat net attack,tech
apple mac mini get warm welcome,tech
rival of the apple,tech
speak easy plan for medium player,tech
u peer to peer pirate convicted,tech
format war could confuse user,tech
mobile get set for visual radio,tech
gamers could drive high definition,tech
how to make a greener computer,tech
microsoft make anti piracy move,tech
what next for next gen console,tech
latest opera browser get vocal,tech
mobile game come of age,tech
web radio take spanish rap global,tech
what high definition will do to dvd,tech
junk e mail on relentless rise,tech
warning over tsunami aid website,tech
more woman turn to net security,tech
sony psp console hit u in march,tech
ask jeeves join web log market,tech
why cell will get the hard sell,tech
playstation processor unveiled,tech
consumer concern over rfid tag,tech
mobile not medium player yet,tech
blind student hears in colour,tech
apple attacked over source row,tech
mobile audio enters new dimension,tech
dvd copy protection strengthened,tech
million buy mp player in u,tech
briton fed up with net service,tech
intel unveils laser breakthrough,tech
eu software patent law face axe,tech
ibm put cash behind linux push,tech
apple ipod family expands market,tech
u woman sue over ink cartridge,tech
security warning over fbi virus,tech
mobile network seek turbo boost,tech
mac mini herald mini revolution,tech
can yahoo dominate next decade,tech
look and music to drive mobile,tech
hotspot user gain free net call,tech
domain system open door to scam,tech
sony psp tipped a a must have,tech
no re draft for eu patent law,tech
ultra fast wi fi nears completion,tech
virgin radio offer broadcast,tech
more movie head to sony psp,tech
warning on woeful wi fi security,tech
cebit open to mobile music tune,tech
game maker get xbox sneak peek,tech
broadband set to revolutionise tv,tech
chip maker back net phone call,tech
nintendo d make it euro debut,tech
slow start to speedy net service,tech
anti tremor mouse stop pc shake,tech
the pirate with no profit motive,tech
apple make blog reveal source,tech
hitachi unveils fastest robot,tech
have hacker recruited your pc,tech
what price for trusted pc security,tech
gizmondo gadget hit the shelf,tech
confusion over high definition tv,tech
digital uk driven by net and tv,tech
bad e mail habit sustains spam,tech
sony psp handheld console hit u,tech
podcasters look to net money,tech
local net tv take off in austria,tech
rolling out next generation net,tech
long life promised for laptop pc,tech
net fingerprint combat attack,tech
microsoft plan afer id system,tech
court mull file sharing future,tech
france start digital terrestrial,tech
text message record smashed again,tech
software watching while you work,tech
commodore find new lease of life,tech
cab collect mountain of mobile,tech
t mobile bet on pocket office,tech
california set fine for spyware,tech
mobile tv tipped a one to watch,tech
apple laptop is greatest gadget,tech
sun offer processing by the hour,tech
kenyan school turn to handhelds,tech
tough rule for ringtone seller,tech
mobile music challenge ipod age,tech
china ripe for medium explosion,tech
beckham virus spotted on the net,tech
video phone act a dating tool,tech
progress on new internet domain,tech
camera phone are must have,tech
mobile multimedia slow to catch on,tech
anti spam law bite spammer hard,tech
peer to peer net here to stay,tech
broadband fuel online expression,tech
savvy searcher fail to spot ad,tech
tv future down the phone line,tech
cebit fever take over hanover,tech
new console promise big problem,tech
bt program to beat dialler scam,tech
spam e mail tempt net shopper,tech
be careful how you code,tech
u cyber security chief resigns,tech
losing yourself in online gaming,tech
